ProblemSize; execTime;
50; 2.084261;
100; 33.997264;
150; 172.460054;