ProblemSize; execTime;
50; 1.334303;
100; 13.191338;
150; 64.632442;
