ProblemSize; execTime;
50; 1.093230;
100; 7.355302;
150; 33.473941;