ProblemSize; execTime;
50; 2.075901;
100; 34.150415;
200; 172.297832;