ProblemSize; execTime;
1000; 5.913291;
2000; 23.642962;
4000; 94.817431;