ProblemSize; execTime;
1000; 8.671695;
2000; 21.494555;
4000; 60.9811476;
