ProblemSize; execTime;
1000; 7.732041;
2000; 17.353032;
4000; 42.939137;