ProblemSize; execTime;
1000; 5.751293;
2000; 23.294120;
4000; 93.033242;